"SECCIO_CENSAL","HOMES","DONES","EDAT_0_A_14","EDAT_15_A_24","EDAT_25_A_64","EDAT_65_A_MES","NACIONALS","COMUNITARIS","ESTRANGERS","DATA_DADES"
"01001","656","614","148","107","824","191","693","129","448","07-05-2023 10:00:04"
"01002","657","613","120","155","807","188","540","178","552","07-05-2023 10:00:04"
"01003","1856","1618","748","420","1935","371","1909","219","1346","07-05-2023 10:00:04"
"01004","1568","1371","335","331","1973","300","1500","344","1095","07-05-2023 10:00:04"
"01005","1228","1106","278","281","1480","295","1231","286","817","07-05-2023 10:00:04"
"01006","853","730","184","184","1024","191","707","214","662","07-05-2023 10:00:04"
"01007","1139","821","275","232","1298","155","894","184","882","07-05-2023 10:00:04"
"01008","1821","1369","508","332","1977","373","1400","235","1555","07-05-2023 10:00:04"
"01009","1169","1000","316","193","1409","251","1089","177","903","07-05-2023 10:00:04"
"01010","1296","1083","351","269","1557","202","1047","171","1161","07-05-2023 10:00:04"
"01011","1659","1433","433","353","2060","246","1374","281","1437","07-05-2023 10:00:04"
"01012","967","952","231","189","1277","222","968","185","766","07-05-2023 10:00:04"
"01013","752","719","173","144","948","206","816","99","556","07-05-2023 10:00:04"
"01014","990","867","171","211","1254","221","967","148","742","07-05-2023 10:00:04"
"01015","1136","1165","299","217","1525","260","1072","208","1021","07-05-2023 10:00:04"
"01016","991","1056","248","209","1388","202","950","175","922","07-05-2023 10:00:04"
"01017","1265","1261","319","292","1660","255","1108","226","1192","07-05-2023 10:00:04"
"01018","762","747","158","195","935","221","827","148","534","07-05-2023 10:00:04"
"01019","1466","1280","310","283","1878","275","1231","327","1188","07-05-2023 10:00:04"
"01020","1122","1173","147","210","1563","375","1214","408","673","07-05-2023 10:00:04"
"01021","1090","1101","156","208","1530","297","1117","356","718","07-05-2023 10:00:04"
"01022","1080","763","93","286","1251","213","723","293","827","07-05-2023 10:00:04"
"01023","992","1031","134","223","1384","282","1052","370","601","07-05-2023 10:00:04"
"01025","692","670","99","142","963","158","627","332","403","07-05-2023 10:00:04"
"01026","9226","2797","751","1349","9397","526","1970","556","9497","07-05-2023 10:00:04"
"01027","731","772","116","181","1009","197","757","304","442","07-05-2023 10:00:04"
"01028","912","959","136","222","1303","210","871","415","585","07-05-2023 10:00:04"
"01029","695","738","92","182","1014","145","566","347","520","07-05-2023 10:00:04"
"01030","1270","1171","197","298","1600","346","1229","414","798","07-05-2023 10:00:04"
"01031","848","736","135","141","1129","179","671","329","584","07-05-2023 10:00:04"
"01032","881","855","85","126","1240","285","917","337","482","07-05-2023 10:00:04"
"01033","588","499","75","80","780","152","581","225","281","07-05-2023 10:00:04"
"01034","498","470","53","76","700","139","491","221","256","07-05-2023 10:00:04"
"01035","576","597","73","104","827","169","617","246","310","07-05-2023 10:00:04"
"01036","547","616","115","107","710","231","840","128","195","07-05-2023 10:00:04"
"01037","619","683","87","105","846","264","853","190","259","07-05-2023 10:00:04"
"01038","728","715","103","118","1039","183","659","346","438","07-05-2023 10:00:04"
"01039","647","644","83","125","877","206","787","191","313","07-05-2023 10:00:04"
"01040","543","552","81","93","730","191","560","222","313","07-05-2023 10:00:04"
"01041","723","766","108","116","1117","148","693","332","464","07-05-2023 10:00:04"
"01042","848","919","151","150","1017","449","1285","201","281","07-05-2023 10:00:04"
"01043","850","794","151","146","1146","201","904","316","424","07-05-2023 10:00:04"
"01044","698","764","122","133","1019","188","818","287","357","07-05-2023 10:00:04"
"01045","996","965","101","160","1473","227","912","483","566","07-05-2023 10:00:04"
"01046","938","905","132","190","1312","209","796","418","629","07-05-2023 10:00:04"
"01047","864","905","118","159","1233","259","888","359","522","07-05-2023 10:00:04"
"01048","1048","1051","218","205","1440","236","1089","375","635","07-05-2023 10:00:04"
"01049","723","783","178","175","951","202","766","288","452","07-05-2023 10:00:04"
"01050","825","808","130","143","1146","214","788","325","520","07-05-2023 10:00:04"
"01051","865","843","142","150","1250","166","862","307","539","07-05-2023 10:00:04"
"01052","1132","1222","206","259","1558","331","1340","469","545","07-05-2023 10:00:04"
"01053","870","962","122","153","1227","330","1082","309","441","07-05-2023 10:00:04"
"01054","623","628","85","109","886","171","639","266","346","07-05-2023 10:00:04"
"01055","620","674","148","88","735","323","889","193","212","07-05-2023 10:00:04"
"02001","629","726","136","138","791","290","902","167","286","07-05-2023 10:00:04"
"02002","2973","2551","551","669","3723","581","1847","337","3340","07-05-2023 10:00:04"
"02003","520","641","84","157","592","328","908","107","146","07-05-2023 10:00:04"
"02004","755","795","162","131","952","305","1024","201","325","07-05-2023 10:00:04"
"02005","934","1066","201","169","1107","523","1571","152","277","07-05-2023 10:00:04"
"02006","766","882","186","146","914","402","1146","205","297","07-05-2023 10:00:04"
"02007","551","661","95","86","694","337","897","159","156","07-05-2023 10:00:04"
"02008","911","1012","231","163","1119","410","1434","212","277","07-05-2023 10:00:04"
"02009","845","944","200","147","1060","382","1277","182","330","07-05-2023 10:00:04"
"02010","584","640","138","123","687","276","907","119","198","07-05-2023 10:00:04"
"02011","541","588","86","97","662","284","878","105","146","07-05-2023 10:00:04"
"02012","792","831","152","163","937","371","1147","164","312","07-05-2023 10:00:04"
"02013","560","593","111","119","733","190","791","133","229","07-05-2023 10:00:04"
"02014","668","710","134","131","913","200","923","187","268","07-05-2023 10:00:04"
"02015","767","830","168","143","966","320","1090","193","314","07-05-2023 10:00:04"
"02016","881","1027","200","164","1115","429","1414","217","277","07-05-2023 10:00:04"
"02017","891","1051","197","190","1169","386","1442","172","328","07-05-2023 10:00:04"
"02018","851","989","185","194","983","478","1410","143","287","07-05-2023 10:00:04"
"02019","926","1055","213","159","1154","455","1467","209","305","07-05-2023 10:00:04"
"02020","747","855","138","152","1077","235","955","255","392","07-05-2023 10:00:04"
"02021","734","805","154","102","954","329","1101","156","282","07-05-2023 10:00:04"
"02022","634","679","127","125","789","272","970","91","252","07-05-2023 10:00:04"
"02023","469","588","79","89","611","278","882","68","107","07-05-2023 10:00:04"
"02024","530","640","94","94","768","214","756","119","295","07-05-2023 10:00:04"
"02025","532","603","91","101","672","271","826","129","180","07-05-2023 10:00:04"
"02026","929","1135","183","208","1198","475","1541","132","391","07-05-2023 10:00:04"
"02027","998","1121","225","184","1218","492","1570","156","393","07-05-2023 10:00:04"
"02028","948","1138","175","189","1242","480","1523","172","391","07-05-2023 10:00:04"
"02029","575","670","127","106","719","293","971","84","190","07-05-2023 10:00:04"
"02030","664","754","163","124","881","250","986","115","317","07-05-2023 10:00:04"
"02031","467","572","112","105","527","295","840","75","124","07-05-2023 10:00:04"
"02032","513","708","106","91","664","360","935","123","163","07-05-2023 10:00:04"
"02033","544","628","107","111","696","258","877","100","195","07-05-2023 10:00:04"
"02034","528","687","94","94","752","275","783","139","293","07-05-2023 10:00:04"
"02035","576","715","105","101","744","341","984","99","208","07-05-2023 10:00:04"
"02036","535","661","115","94","675","312","963","86","147","07-05-2023 10:00:04"
"02037","544","598","84","92","651","315","956","66","120","07-05-2023 10:00:04"
"02038","732","809","108","181","958","294","1231","93","217","07-05-2023 10:00:04"
"02039","808","1034","148","181","1152","361","1294","176","372","07-05-2023 10:00:04"
"02040","836","927","161","151","1146","305","1161","171","431","07-05-2023 10:00:04"
"02041","753","935","144","138","966","440","1248","131","309","07-05-2023 10:00:04"
"02042","781","904","142","157","884","502","1385","97","203","07-05-2023 10:00:04"
"02043","712","793","164","114","877","350","1183","101","221","07-05-2023 10:00:04"
"02044","591","712","149","111","723","320","947","110","246","07-05-2023 10:00:04"
"02045","534","616","109","109","644","288","898","69","183","07-05-2023 10:00:04"
"02046","906","1080","226","186","1192","382","1434","153","399","07-05-2023 10:00:04"
"02047","915","1078","209","192","1130","462","1487","133","373","07-05-2023 10:00:04"
"02048","617","722","130","131","822","256","873","148","318","07-05-2023 10:00:04"
"02049","918","1099","170","142","1241","464","1335","207","475","07-05-2023 10:00:04"
"02050","736","916","134","135","1052","331","1141","161","350","07-05-2023 10:00:04"
"02051","871","1004","153","176","1160","386","1210","232","433","07-05-2023 10:00:04"
"02052","839","986","161","163","1157","344","1265","202","358","07-05-2023 10:00:04"
"02053","901","1011","164","172","1226","350","1339","213","360","07-05-2023 10:00:04"
"02054","899","1033","218","140","1133","441","1430","182","320","07-05-2023 10:00:04"
"02055","834","995","173","145","1105","406","1386","179","264","07-05-2023 10:00:04"
"02056","679","834","162","125","936","290","1034","218","261","07-05-2023 10:00:04"
"02057","611","666","159","126","677","315","1011","144","122","07-05-2023 10:00:04"
"02058","681","761","170","109","809","354","1153","125","164","07-05-2023 10:00:04"
"02059","794","931","184","174","964","403","1266","163","296","07-05-2023 10:00:04"
"02060","729","922","187","150","935","379","1215","154","282","07-05-2023 10:00:04"
"02061","610","759","124","131","857","257","962","164","243","07-05-2023 10:00:04"
"02062","737","817","174","144","962","274","1102","235","217","07-05-2023 10:00:04"
"02063","475","699","114","110","594","356","886","137","151","07-05-2023 10:00:04"
"02064","622","706","156","135","711","326","985","164","179","07-05-2023 10:00:04"
"02065","860","995","205","139","1179","332","1293","256","306","07-05-2023 10:00:04"
"02066","808","963","169","145","1002","455","1375","152","244","07-05-2023 10:00:04"
"02067","767","927","173","147","1085","289","1143","216","335","07-05-2023 10:00:04"
"02068","804","896","196","131","1020","353","1203","219","278","07-05-2023 10:00:04"
"02069","626","761","151","119","803","314","1032","148","207","07-05-2023 10:00:04"
"02070","562","688","116","133","742","259","901","145","204","07-05-2023 10:00:04"
"02071","811","853","173","153","997","341","1240","217","207","07-05-2023 10:00:04"
"02072","621","634","133","123","725","274","933","140","182","07-05-2023 10:00:04"
"02073","799","891","161","162","1049","318","1180","217","293","07-05-2023 10:00:04"
"02074","648","628","143","133","770","230","809","206","261","07-05-2023 10:00:04"
"02075","602","632","100","128","762","244","813","225","196","07-05-2023 10:00:04"
"02076","810","866","184","180","993","319","1136","239","301","07-05-2023 10:00:04"
"02077","905","886","153","185","1145","308","978","295","518","07-05-2023 10:00:04"
"02078","675","777","132","193","846","281","899","184","369","07-05-2023 10:00:04"
"02079","721","755","141","170","887","278","884","201","391","07-05-2023 10:00:04"
"02080","792","840","173","148","957","354","1028","234","370","07-05-2023 10:00:04"
"02081","1001","1148","199","210","1261","479","1447","290","412","07-05-2023 10:00:04"
"02082","438","524","83","92","574","213","655","148","159","07-05-2023 10:00:04"
"02083","905","1055","180","242","1142","396","1294","275","391","07-05-2023 10:00:04"
"02084","922","1158","176","218","1282","404","1465","242","373","07-05-2023 10:00:04"
"02085","638","816","136","157","879","282","986","187","281","07-05-2023 10:00:04"
"02086","604","770","143","161","821","249","1005","155","214","07-05-2023 10:00:04"
"02087","644","813","136","145","865","311","1108","133","216","07-05-2023 10:00:04"
"02088","796","908","137","181","1026","360","1236","198","270","07-05-2023 10:00:04"
"02089","878","963","146","191","1177","327","1254","250","337","07-05-2023 10:00:04"
"02090","820","924","156","156","1094","338","1139","240","365","07-05-2023 10:00:04"
"02091","1648","1091","139","272","2001","327","1244","306","1189","07-05-2023 10:00:04"
"02092","857","881","117","141","1157","323","1127","252","359","07-05-2023 10:00:04"
"02093","829","882","135","176","1025","375","1179","193","339","07-05-2023 10:00:04"
"02094","723","814","120","115","955","347","1035","169","333","07-05-2023 10:00:04"
"02095","769","795","117","144","991","312","1120","152","292","07-05-2023 10:00:04"
"02096","687","758","111","109","893","332","954","187","304","07-05-2023 10:00:04"
"02097","521","598","106","113","702","198","768","106","245","07-05-2023 10:00:04"
"02098","731","779","103","130","992","285","1035","180","295","07-05-2023 10:00:04"
"02099","779","857","175","154","1021","286","1199","175","262","07-05-2023 10:00:04"
"02100","620","708","99","89","797","343","1041","103","184","07-05-2023 10:00:04"
"02101","1019","1220","227","190","1291","531","1630","215","394","07-05-2023 10:00:04"
"02102","613","765","148","123","770","337","1141","100","137","07-05-2023 10:00:04"
"02103","781","923","157","137","1088","322","1142","208","354","07-05-2023 10:00:04"
"02104","540","638","119","106","636","317","939","68","171","07-05-2023 10:00:04"
"02105","959","1176","199","213","1290","433","1499","238","398","07-05-2023 10:00:04"
"02106","653","786","168","131","810","330","1069","138","232","07-05-2023 10:00:04"
"02107","751","892","174","171","881","417","1331","132","180","07-05-2023 10:00:04"
"02108","726","890","183","153","843","437","1297","101","218","07-05-2023 10:00:04"
"02109","980","1189","234","240","1170","525","1742","151","276","07-05-2023 10:00:04"
"02110","849","998","214","164","1108","361","1401","151","295","07-05-2023 10:00:04"
"02111","881","1047","214","148","1154","412","1411","160","357","07-05-2023 10:00:04"
"02112","602","721","134","114","665","410","1097","81","145","07-05-2023 10:00:04"
"02113","1083","1179","310","179","1179","594","1828","128","306","07-05-2023 10:00:04"
"02114","789","929","171","142","936","469","1365","107","246","07-05-2023 10:00:04"
"02115","628","764","134","146","806","306","1038","90","264","07-05-2023 10:00:04"
"02116","448","523","112","92","514","253","861","24","86","07-05-2023 10:00:04"
"02117","542","691","157","88","632","356","965","79","189","07-05-2023 10:00:04"
"02118","649","772","134","133","847","307","1128","90","203","07-05-2023 10:00:04"
"02119","609","658","137","84","699","347","1065","61","141","07-05-2023 10:00:04"
"02120","556","602","90","93","656","319","932","74","152","07-05-2023 10:00:04"
"02121","594","682","134","116","723","303","992","69","215","07-05-2023 10:00:04"
"02122","481","584","95","71","571","328","870","66","129","07-05-2023 10:00:04"
"02123","527","585","96","86","672","258","842","105","165","07-05-2023 10:00:04"
"02124","508","628","121","87","601","327","932","53","151","07-05-2023 10:00:04"
"02125","733","916","154","131","903","461","1351","84","214","07-05-2023 10:00:04"
"02126","656","783","136","127","757","419","1183","82","174","07-05-2023 10:00:04"
"02127","572","655","127","103","757","240","875","112","240","07-05-2023 10:00:04"
"02128","614","721","125","105","823","282","950","93","292","07-05-2023 10:00:04"
"02129","723","832","119","135","888","413","1220","100","235","07-05-2023 10:00:04"
"02130","515","583","122","89","524","363","990","39","69","07-05-2023 10:00:04"
"02131","517","618","111","92","650","282","819","86","230","07-05-2023 10:00:04"
"02132","506","505","79","60","581","291","816","58","137","07-05-2023 10:00:04"
"02133","380","464","83","63","404","294","724","32","88","07-05-2023 10:00:04"
"02134","720","777","133","105","851","408","1151","115","231","07-05-2023 10:00:04"
"02135","976","1127","207","179","1316","401","1567","181","355","07-05-2023 10:00:04"
"02136","423","471","76","70","508","240","707","48","139","07-05-2023 10:00:04"
"02137","689","800","117","144","942","286","1040","139","310","07-05-2023 10:00:04"
"02138","911","1035","212","183","1086","465","1518","131","297","07-05-2023 10:00:04"
"02139","782","881","133","116","1096","318","1153","175","335","07-05-2023 10:00:04"
"02140","899","1022","192","158","1141","430","1489","149","283","07-05-2023 10:00:04"
"02141","551","658","126","121","675","287","904","67","238","07-05-2023 10:00:04"
"02142","970","1024","160","204","1250","380","1427","151","416","07-05-2023 10:00:04"
"02143","763","761","147","154","930","293","1080","170","274","07-05-2023 10:00:04"
"02144","701","781","139","139","907","297","1047","162","273","07-05-2023 10:00:04"
"02145","626","630","118","103","784","251","869","112","275","07-05-2023 10:00:04"
"02146","571","669","111","99","741","289","917","103","220","07-05-2023 10:00:04"
"02147","1019","1122","210","203","1279","449","1600","160","381","07-05-2023 10:00:04"
"02148","733","830","144","122","924","373","1164","149","250","07-05-2023 10:00:04"
"02149","916","953","208","176","1141","344","1340","165","364","07-05-2023 10:00:04"
"02150","768","809","132","152","976","317","1064","135","378","07-05-2023 10:00:04"
"02151","702","794","151","125","929","291","1073","141","282","07-05-2023 10:00:04"
"02152","597","671","98","100","676","394","974","100","194","07-05-2023 10:00:04"
"02153","647","745","146","88","800","358","1103","90","199","07-05-2023 10:00:04"
"02154","479","578","91","78","678","210","685","111","261","07-05-2023 10:00:04"
"02155","874","1001","184","164","1072","455","1444","117","314","07-05-2023 10:00:04"
"02156","618","689","117","82","730","378","1051","87","169","07-05-2023 10:00:04"
"02157","590","668","150","112","713","283","933","114","211","07-05-2023 10:00:04"
"02158","801","869","160","110","1001","399","1228","137","305","07-05-2023 10:00:04"
"02159","927","1031","225","152","1173","408","1434","161","363","07-05-2023 10:00:04"
"02160","979","1022","176","165","1218","442","1503","190","308","07-05-2023 10:00:04"
"02161","571","600","110","114","729","218","836","132","203","07-05-2023 10:00:04"
"02162","678","751","133","118","860","318","1020","131","278","07-05-2023 10:00:04"
"02163","869","934","156","186","1076","385","1332","147","324","07-05-2023 10:00:04"
"02164","770","788","130","138","1030","260","986","186","386","07-05-2023 10:00:04"
"02165","817","870","163","114","1086","324","1193","185","309","07-05-2023 10:00:04"
"02166","1016","1106","195","176","1361","390","1462","210","450","07-05-2023 10:00:04"
"02167","1074","1112","225","213","1243","505","1678","170","338","07-05-2023 10:00:04"
"02168","1063","1214","237","157","1434","449","1625","180","472","07-05-2023 10:00:04"
"02169","742","774","134","104","986","292","1128","138","250","07-05-2023 10:00:04"
"02170","736","824","134","155","938","333","1160","130","270","07-05-2023 10:00:04"
"02171","792","834","176","118","971","361","1115","133","378","07-05-2023 10:00:04"
"02172","709","783","153","108","966","265","1070","152","270","07-05-2023 10:00:04"
"02173","719","799","132","127","939","320","1124","136","258","07-05-2023 10:00:04"
"03001","813","910","182","148","976","417","1244","156","323","07-05-2023 10:00:04"
"03002","953","979","191","152","1247","342","1354","198","380","07-05-2023 10:00:04"
"03003","813","860","174","161","1073","265","1069","163","441","07-05-2023 10:00:04"
"03004","710","810","144","134","929","313","1115","121","284","07-05-2023 10:00:04"
"03005","600","620","133","84","736","267","844","113","263","07-05-2023 10:00:04"
"03006","702","689","155","111","933","192","918","160","313","07-05-2023 10:00:04"
"03007","785","854","162","169","993","315","1113","147","379","07-05-2023 10:00:04"
"03008","553","599","121","83","751","197","768","123","261","07-05-2023 10:00:04"
"03009","574","620","108","107","733","246","843","110","241","07-05-2023 10:00:04"
"03010","964","907","167","215","1236","253","1099","193","579","07-05-2023 10:00:04"
"03011","907","872","211","156","1205","207","1022","210","547","07-05-2023 10:00:04"
"03012","991","1071","187","204","1369","302","1259","252","551","07-05-2023 10:00:04"
"03013","896","871","168","175","1231","193","1015","255","497","07-05-2023 10:00:04"
"03014","908","870","175","168","1199","236","1050","212","516","07-05-2023 10:00:04"
"03015","1442","1509","335","281","1910","425","1811","342","798","07-05-2023 10:00:04"
"03016","582","631","126","129","788","170","724","133","356","07-05-2023 10:00:04"
"03017","807","826","166","170","1103","194","918","211","504","07-05-2023 10:00:04"
"03018","870","814","170","153","1037","324","1097","159","428","07-05-2023 10:00:04"
"03019","709","778","166","137","946","238","954","124","409","07-05-2023 10:00:04"
"03020","628","591","108","99","690","322","885","116","218","07-05-2023 10:00:04"
"03021","509","554","97","83","564","319","814","77","172","07-05-2023 10:00:04"
"03022","695","717","147","127","866","272","984","133","295","07-05-2023 10:00:04"
"03023","888","922","216","156","1153","285","1208","181","421","07-05-2023 10:00:04"
"03024","1018","997","219","179","1366","251","1311","274","430","07-05-2023 10:00:04"
"03025","911","869","268","151","1119","242","1426","99","255","07-05-2023 10:00:04"
"03026","488","527","112","89","477","337","863","21","131","07-05-2023 10:00:04"
"03027","838","911","161","260","947","381","1507","57","185","07-05-2023 10:00:04"
"03028","1292","1370","416","342","1511","393","2103","77","482","07-05-2023 10:00:04"
"03029","621","660","145","122","771","243","1124","42","115","07-05-2023 10:00:04"
"03030","724","850","155","147","933","339","1272","74","228","07-05-2023 10:00:04"
"03031","1139","1217","254","239","1235","628","2063","50","243","07-05-2023 10:00:04"
"03032","852","920","286","171","982","333","1395","86","291","07-05-2023 10:00:04"
"03033","723","749","205","153","836","278","1053","37","382","07-05-2023 10:00:04"
"03034","706","789","142","158","848","347","1198","39","258","07-05-2023 10:00:04"
"03035","1123","1201","215","217","1264","628","1916","48","360","07-05-2023 10:00:04"
"03036","1148","1280","282","287","1364","495","1994","99","335","07-05-2023 10:00:04"
"03037","466","516","69","95","619","199","865","21","96","07-05-2023 10:00:04"
"03038","463","492","128","120","498","209","862","20","73","07-05-2023 10:00:04"
"03039","1206","1289","388","276","1424","407","1914","60","521","07-05-2023 10:00:04"
"03040","1065","799","116","508","759","481","1264","62","538","07-05-2023 10:00:04"
"03041","708","764","147","145","878","302","1100","74","298","07-05-2023 10:00:04"
"03042","680","685","110","137","842","276","1037","118","210","07-05-2023 10:00:04"
"03043","742","846","120","130","904","434","1159","113","316","07-05-2023 10:00:04"
"03044","902","980","185","170","1170","357","1350","122","410","07-05-2023 10:00:04"
"03045","558","552","125","95","692","198","831","100","179","07-05-2023 10:00:04"
"03046","689","775","121","94","809","440","1193","96","175","07-05-2023 10:00:04"
"03047","865","915","159","181","1120","320","1311","143","326","07-05-2023 10:00:04"
"03048","624","727","112","102","775","362","1032","79","240","07-05-2023 10:00:04"
"03049","799","896","183","129","999","384","1215","150","330","07-05-2023 10:00:04"
"03050","824","850","183","112","1075","304","1193","149","332","07-05-2023 10:00:04"
"03051","922","942","232","200","1178","254","1303","129","432","07-05-2023 10:00:04"
"03052","651","757","166","142","891","209","972","130","306","07-05-2023 10:00:04"
"03053","1068","1209","290","172","1454","361","1511","185","581","07-05-2023 10:00:04"
"03054","803","848","134","149","933","435","1254","116","281","07-05-2023 10:00:04"
"03055","766","828","157","108","968","361","1170","122","302","07-05-2023 10:00:04"
"03056","454","500","83","77","560","234","676","57","221","07-05-2023 10:00:04"
"03057","727","791","145","111","839","423","1252","78","188","07-05-2023 10:00:04"
"03058","842","953","230","149","1029","387","1484","108","203","07-05-2023 10:00:04"
"03059","584","634","133","101","706","278","1000","60","158","07-05-2023 10:00:04"
"03060","675","716","133","130","759","369","1202","42","147","07-05-2023 10:00:04"
"03061","533","611","118","83","680","263","879","78","187","07-05-2023 10:00:04"
"03062","741","860","174","128","969","330","1301","72","228","07-05-2023 10:00:04"
"03063","967","1045","367","175","1187","283","1609","104","299","07-05-2023 10:00:04"
"03064","798","898","216","165","1011","304","1063","98","535","07-05-2023 10:00:04"
"03065","635","705","117","114","750","359","1197","23","120","07-05-2023 10:00:04"
"03066","1137","1218","252","265","1333","505","1957","69","329","07-05-2023 10:00:04"
"03067","780","933","184","152","912","465","1419","44","250","07-05-2023 10:00:04"
"03068","551","635","127","91","654","314","937","39","210","07-05-2023 10:00:04"
"03069","599","629","119","116","661","332","1000","30","198","07-05-2023 10:00:04"
"03070","620","687","127","113","737","330","998","43","266","07-05-2023 10:00:04"
"03071","640","741","162","116","840","263","1054","90","237","07-05-2023 10:00:04"
"03072","659","745","143","111","846","304","1086","54","264","07-05-2023 10:00:04"
"03073","752","827","158","123","898","400","1283","58","238","07-05-2023 10:00:04"
"03074","836","971","186","160","1045","416","1451","77","279","07-05-2023 10:00:04"
"03075","846","919","202","185","997","381","1329","68","368","07-05-2023 10:00:04"
"03076","500","564","105","82","574","303","838","37","189","07-05-2023 10:00:04"
"03077","633","755","139","137","790","322","1082","59","247","07-05-2023 10:00:04"
"03078","853","930","178","174","1097","334","1237","106","440","07-05-2023 10:00:04"
"03079","847","979","209","174","1119","324","1262","82","482","07-05-2023 10:00:04"
"03080","712","839","146","145","861","399","1220","56","275","07-05-2023 10:00:04"
"03081","911","1071","181","227","1106","468","1482","57","443","07-05-2023 10:00:04"
"03082","889","1017","195","185","1105","421","1508","65","333","07-05-2023 10:00:04"
"03083","648","733","147","102","783","349","1133","34","214","07-05-2023 10:00:04"
"03084","638","772","138","125","719","428","1204","43","163","07-05-2023 10:00:04"
"03085","612","709","161","86","773","301","1053","63","205","07-05-2023 10:00:04"
"03086","597","662","124","102","625","408","1106","40","113","07-05-2023 10:00:04"
"03087","690","783","155","132","782","404","1235","40","198","07-05-2023 10:00:04"
"03088","657","748","161","118","756","370","1135","73","197","07-05-2023 10:00:04"
"03089","574","687","130","96","677","358","1073","78","110","07-05-2023 10:00:04"
"03090","466","536","92","93","577","240","858","37","107","07-05-2023 10:00:04"
"03091","710","773","155","152","906","270","1165","83","235","07-05-2023 10:00:04"
"03092","583","639","140","102","736","244","959","84","179","07-05-2023 10:00:04"
"03093","679","806","124","157","818","386","1275","54","156","07-05-2023 10:00:04"
"03094","568","656","124","102","713","285","1025","64","135","07-05-2023 10:00:04"
"03095","767","833","162","136","968","334","1271","90","239","07-05-2023 10:00:04"
"03096","741","862","172","144","1030","257","1208","100","295","07-05-2023 10:00:04"
"03097","749","866","178","133","1108","196","1100","101","414","07-05-2023 10:00:04"
"03098","729","725","167","142","914","231","1082","95","277","07-05-2023 10:00:04"
"03099","448","565","122","78","653","160","794","77","142","07-05-2023 10:00:04"
"03100","578","703","154","113","752","262","960","97","224","07-05-2023 10:00:04"
"03101","3888","2858","762","847","4638","499","2168","331","4247","07-05-2023 10:00:04"
"03102","648","696","158","110","804","272","1032","68","244","07-05-2023 10:00:04"
"03103","515","627","125","73","584","360","1004","38","100","07-05-2023 10:00:04"
"03104","696","781","149","115","961","252","1069","112","296","07-05-2023 10:00:04"
"03105","565","638","128","111","746","218","866","87","250","07-05-2023 10:00:04"
"03106","612","677","127","123","837","202","940","117","232","07-05-2023 10:00:04"
"03107","845","889","174","214","974","372","1263","96","375","07-05-2023 10:00:04"
"03108","755","845","200","144","961","295","1251","78","271","07-05-2023 10:00:04"
"03109","736","807","180","128","961","274","1225","97","221","07-05-2023 10:00:04"
"03110","683","793","144","113","915","304","1162","112","202","07-05-2023 10:00:04"
"03111","585","713","147","107","790","254","1033","75","190","07-05-2023 10:00:04"
"03112","879","1028","213","142","1085","467","1525","96","286","07-05-2023 10:00:04"
"03113","740","829","168","141","839","421","1277","98","194","07-05-2023 10:00:04"
"03114","690","796","138","136","801","411","1212","81","193","07-05-2023 10:00:04"
"03211","742","785","151","199","915","262","1279","27","221","07-05-2023 10:00:04"
"03212","1171","1317","273","238","1338","639","1857","96","535","07-05-2023 10:00:04"
"03213","1142","1222","272","273","1413","406","1730","88","546","07-05-2023 10:00:04"
"04001","620","658","159","104","734","281","976","75","227","07-05-2023 10:00:04"
"04002","914","1000","219","181","999","515","1636","92","186","07-05-2023 10:00:04"
"04003","507","549","102","85","553","316","903","35","118","07-05-2023 10:00:04"
"04004","511","531","104","76","592","270","869","37","136","07-05-2023 10:00:04"
"04005","568","646","122","109","644","339","1043","56","115","07-05-2023 10:00:04"
"04006","534","614","136","87","609","316","962","50","136","07-05-2023 10:00:04"
"04007","457","594","103","74","549","325","883","44","124","07-05-2023 10:00:04"
"04008","468","538","104","77","572","253","802","45","159","07-05-2023 10:00:04"
"04009","685","789","162","108","851","353","1183","75","216","07-05-2023 10:00:04"
"04010","406","503","112","96","454","247","789","29","91","07-05-2023 10:00:04"
"04011","802","934","227","161","791","557","1517","68","151","07-05-2023 10:00:04"
"04012","624","710","129","88","687","430","1183","38","113","07-05-2023 10:00:04"
"04013","560","649","114","117","627","351","1043","49","117","07-05-2023 10:00:04"
"04014","361","437","85","76","385","252","672","32","94","07-05-2023 10:00:04"
"04015","864","1035","201","158","1067","473","1600","86","213","07-05-2023 10:00:04"
"04016","506","580","116","78","575","317","924","44","118","07-05-2023 10:00:04"
"04017","526","648","155","86","590","343","995","70","109","07-05-2023 10:00:04"
"04018","674","836","156","170","777","407","1275","84","151","07-05-2023 10:00:04"
"04019","670","742","167","186","721","338","1186","73","153","07-05-2023 10:00:04"
"04020","690","796","194","171","758","363","1283","71","132","07-05-2023 10:00:04"
"04021","596","724","163","126","690","341","1096","74","150","07-05-2023 10:00:04"
"04022","816","872","163","208","915","402","1262","100","326","07-05-2023 10:00:04"
"04023","522","568","147","138","521","284","910","42","138","07-05-2023 10:00:04"
"04024","475","553","133","109","464","322","946","22","60","07-05-2023 10:00:04"
"04025","534","632","143","121","645","257","1030","63","73","07-05-2023 10:00:04"
"04026","580","659","150","89","667","333","1043","71","125","07-05-2023 10:00:04"
"04027","608","710","177","115","751","275","1015","100","203","07-05-2023 10:00:04"
"04028","619","666","164","94","661","366","1048","80","157","07-05-2023 10:00:04"
"04029","517","626","153","74","553","363","1025","29","89","07-05-2023 10:00:04"
"04030","825","974","246","154","822","577","1589","79","131","07-05-2023 10:00:04"
"04031","1123","1168","275","226","1345","445","1444","99","748","07-05-2023 10:00:04"
"04032","718","864","184","127","845","426","1346","41","195","07-05-2023 10:00:04"
"04033","522","629","142","83","602","324","980","43","128","07-05-2023 10:00:04"
"04034","672","760","146","129","653","504","1303","43","86","07-05-2023 10:00:04"
"04035","634","756","163","112","688","427","1188","72","130","07-05-2023 10:00:04"
"04036","784","978","214","184","937","427","1402","74","286","07-05-2023 10:00:04"
"04037","989","1210","230","220","1144","605","1820","77","302","07-05-2023 10:00:04"
"04038","569","685","118","117","626","393","1060","48","146","07-05-2023 10:00:04"
"04039","550","644","150","117","677","250","977","50","167","07-05-2023 10:00:04"
"04040","806","806","201","180","953","278","1193","85","334","07-05-2023 10:00:04"
"04041","644","712","135","107","813","301","1028","40","288","07-05-2023 10:00:04"
"04042","845","988","164","156","995","518","1454","59","320","07-05-2023 10:00:04"
"04043","748","870","178","124","763","553","1465","40","113","07-05-2023 10:00:04"
"04044","787","841","168","132","921","407","1294","82","252","07-05-2023 10:00:04"
"04045","663","761","187","101","750","386","1173","58","193","07-05-2023 10:00:04"
"04046","1157","1245","277","224","1080","821","2158","95","149","07-05-2023 10:00:04"
"04047","905","1026","260","167","986","518","1671","67","193","07-05-2023 10:00:04"
"04048","698","805","167","122","773","441","1304","69","130","07-05-2023 10:00:04"
"04049","550","649","159","182","582","276","910","83","206","07-05-2023 10:00:04"
"04050","968","1074","311","233","925","573","1842","90","110","07-05-2023 10:00:04"
"04051","761","926","256","187","856","388","1436","76","175","07-05-2023 10:00:04"
"04052","975","1245","322","282","983","633","1898","127","195","07-05-2023 10:00:04"
"04053","832","938","259","220","983","308","1233","129","408","07-05-2023 10:00:04"
"04054","510","573","159","135","481","308","885","55","143","07-05-2023 10:00:04"
"04055","760","831","282","239","699","371","1212","229","150","07-05-2023 10:00:04"
"04056","902","987","265","352","913","359","1261","198","430","07-05-2023 10:00:04"
"04084","664","754","181","153","645","439","1224","65","129","07-05-2023 10:00:04"
"05001","953","928","309","235","1105","232","1492","199","190","07-05-2023 10:00:04"
"05002","777","856","245","202","799","387","1371","144","118","07-05-2023 10:00:04"
"05003","678","721","257","156","741","245","1192","105","102","07-05-2023 10:00:04"
"05004","467","619","165","128","478","315","943","64","79","07-05-2023 10:00:04"
"05005","630","658","189","218","611","270","932","138","218","07-05-2023 10:00:04"
"05006","914","945","274","320","853","412","1473","196","190","07-05-2023 10:00:04"
"05007","988","981","265","211","1066","427","1476","173","320","07-05-2023 10:00:04"
"05008","768","896","271","200","839","354","1425","125","114","07-05-2023 10:00:04"
"05009","755","933","260","192","862","374","1415","106","167","07-05-2023 10:00:04"
"05010","692","819","263","179","739","330","1281","123","107","07-05-2023 10:00:04"
"05011","649","763","229","154","732","297","1184","104","124","07-05-2023 10:00:04"
"05012","643","769","202","171","761","278","1199","101","112","07-05-2023 10:00:04"
"05013","798","885","243","197","896","347","1432","113","138","07-05-2023 10:00:04"
"05014","767","854","273","141","814","393","1342","138","141","07-05-2023 10:00:04"
"05015","733","831","297","196","761","310","1333","103","128","07-05-2023 10:00:04"
"05016","854","1069","388","215","996","324","1595","138","190","07-05-2023 10:00:04"
"05017","707","827","242","183","739","370","1350","88","96","07-05-2023 10:00:04"
"05018","578","693","223","145","604","299","1073","94","104","07-05-2023 10:00:04"
"05019","726","919","283","180","772","410","1460","64","121","07-05-2023 10:00:04"
"05020","511","630","123","141","620","257","928","53","160","07-05-2023 10:00:04"
"05021","590","690","213","163","612","292","1037","55","188","07-05-2023 10:00:04"
"05022","773","961","277","167","824","466","1534","88","112","07-05-2023 10:00:04"
"05023","664","844","230","151","800","327","1274","85","149","07-05-2023 10:00:04"
"05024","913","1044","321","275","916","445","1726","107","124","07-05-2023 10:00:04"
"05025","598","682","190","198","623","269","1111","46","123","07-05-2023 10:00:04"
"05026","668","742","243","194","667","306","1299","43","68","07-05-2023 10:00:04"
"05027","650","721","212","227","622","310","1230","75","66","07-05-2023 10:00:04"
"05028","851","831","259","240","866","317","1420","72","190","07-05-2023 10:00:04"
"05029","815","881","294","259","812","331","1502","103","91","07-05-2023 10:00:04"
"05030","651","739","236","207","640","307","1283","37","70","07-05-2023 10:00:04"
"05031","739","849","232","251","718","387","1361","96","131","07-05-2023 10:00:04"
"05032","879","984","286","281","874","422","1450","154","259","07-05-2023 10:00:04"
"05033","688","794","280","183","722","297","1232","103","147","07-05-2023 10:00:04"
"05034","550","653","157","160","632","254","996","63","144","07-05-2023 10:00:04"
"05035","505","542","120","133","446","348","943","38","66","07-05-2023 10:00:04"
"05036","839","983","298","256","869","399","1581","98","143","07-05-2023 10:00:04"
"05037","655","838","229","212","733","319","1284","66","143","07-05-2023 10:00:04"
"05038","636","789","171","131","805","318","1084","103","238","07-05-2023 10:00:04"
"05039","748","824","254","208","705","405","1419","69","84","07-05-2023 10:00:04"
"05040","679","829","219","171","838","280","1227","101","180","07-05-2023 10:00:04"
"05041","1028","1229","283","241","1346","387","1460","154","643","07-05-2023 10:00:04"
"05042","635","685","179","121","737","283","1123","64","133","07-05-2023 10:00:04"
"05043","681","834","207","150","854","304","1225","95","195","07-05-2023 10:00:04"
"05044","600","728","215","121","730","262","1099","89","140","07-05-2023 10:00:04"
"05045","744","867","278","224","784","325","1437","85","89","07-05-2023 10:00:04"
"05046","497","664","154","129","493","385","1074","42","45","07-05-2023 10:00:04"
"05047","536","676","176","183","592","261","1088","44","80","07-05-2023 10:00:04"
"05048","541","702","178","147","637","281","1087","58","98","07-05-2023 10:00:04"
"05049","777","917","239","224","851","380","1467","82","145","07-05-2023 10:00:04"
"05050","786","898","236","199","892","357","1434","74","176","07-05-2023 10:00:04"
"05051","784","898","213","268","816","385","1442","73","167","07-05-2023 10:00:04"
"05052","647","797","204","207","696","337","1277","76","91","07-05-2023 10:00:04"
"05053","703","796","200","219","705","375","1330","71","98","07-05-2023 10:00:04"
"05054","468","551","136","144","486","253","874","62","83","07-05-2023 10:00:04"
"05055","650","750","178","228","648","346","1239","48","113","07-05-2023 10:00:04"
"05056","498","728","175","144","575","332","976","85","165","07-05-2023 10:00:04"
"05057","778","889","192","211","787","477","1454","62","151","07-05-2023 10:00:04"
"05058","717","842","211","208","785","355","1222","135","202","07-05-2023 10:00:04"
"05059","661","868","170","185","805","369","1245","103","181","07-05-2023 10:00:04"
"05060","528","656","175","159","590","260","937","108","139","07-05-2023 10:00:04"
"05061","640","817","124","121","885","327","1099","150","208","07-05-2023 10:00:04"
"05062","738","894","223","192","875","342","1334","121","177","07-05-2023 10:00:04"
"05063","715","874","215","175","857","342","1325","99","165","07-05-2023 10:00:04"
"05064","728","956","225","199","938","322","1278","163","243","07-05-2023 10:00:04"
"05065","791","936","227","219","914","367","1317","149","261","07-05-2023 10:00:04"
"05066","597","739","161","171","691","313","1116","84","136","07-05-2023 10:00:04"
"05067","638","757","194","163","717","321","1086","111","198","07-05-2023 10:00:04"
"05068","757","841","209","175","909","305","1285","143","170","07-05-2023 10:00:04"
"05069","859","920","261","188","1011","319","1449","143","187","07-05-2023 10:00:04"
"05070","645","805","193","157","782","318","1152","123","175","07-05-2023 10:00:04"
"05071","852","998","228","211","1075","336","1326","181","343","07-05-2023 10:00:04"
"05072","791","951","243","169","902","428","1444","99","199","07-05-2023 10:00:04"
"05073","733","864","207","146","901","343","1328","108","161","07-05-2023 10:00:04"
"05074","735","921","229","203","843","381","1380","127","149","07-05-2023 10:00:04"
"05075","832","1047","248","209","1000","422","1523","151","205","07-05-2023 10:00:04"
"05076","668","788","212","134","751","359","1199","93","164","07-05-2023 10:00:04"
"05077","708","847","205","258","804","288","1300","82","173","07-05-2023 10:00:04"
"05078","991","1140","326","305","1070","430","1828","112","191","07-05-2023 10:00:04"
"05079","572","695","159","149","671","288","1082","76","109","07-05-2023 10:00:04"
"05080","613","735","161","151","766","270","1101","98","149","07-05-2023 10:00:04"
"05081","737","894","231","169","895","336","1322","128","181","07-05-2023 10:00:04"
"05082","754","912","218","164","954","330","1315","130","221","07-05-2023 10:00:04"
"05083","588","710","145","129","723","301","1099","95","104","07-05-2023 10:00:04"
"05084","624","758","175","123","768","316","1097","129","156","07-05-2023 10:00:04"
"05085","618","724","176","146","766","254","1062","110","170","07-05-2023 10:00:04"
"05086","609","724","171","133","756","273","1085","115","133","07-05-2023 10:00:04"
"05087","738","909","181","193","946","327","1312","99","236","07-05-2023 10:00:04"
"05088","876","926","203","236","977","386","1459","114","229","07-05-2023 10:00:04"
"05089","890","990","271","185","1026","398","1538","143","199","07-05-2023 10:00:04"
"05090","877","997","220","158","1082","414","1504","178","192","07-05-2023 10:00:04"
"05091","686","853","194","160","794","391","1254","127","158","07-05-2023 10:00:04"
"05092","737","907","202","220","865","357","1382","86","176","07-05-2023 10:00:04"
"05093","512","655","149","118","668","232","955","70","142","07-05-2023 10:00:04"
"05094","1247","1549","404","345","1439","608","2340","157","299","07-05-2023 10:00:04"
"05095","768","974","256","201","905","380","1389","93","260","07-05-2023 10:00:04"
"05096","520","622","142","112","637","251","939","68","135","07-05-2023 10:00:04"
"05097","799","882","268","179","912","322","1374","136","171","07-05-2023 10:00:04"
"05098","690","829","167","132","852","368","1246","93","180","07-05-2023 10:00:04"
"06001","544","719","167","118","719","259","945","110","208","07-05-2023 10:00:04"
"06002","686","818","162","147","833","362","1179","108","217","07-05-2023 10:00:04"
"06003","1133","1256","322","181","1434","452","1826","206","357","07-05-2023 10:00:04"
"06004","684","746","164","136","797","333","1177","93","160","07-05-2023 10:00:04"
"06006","502","528","139","98","557","236","897","44","89","07-05-2023 10:00:04"
"06007","951","1076","269","209","1158","391","1666","119","242","07-05-2023 10:00:04"
"06008","949","1109","243","218","1144","453","1598","141","319","07-05-2023 10:00:04"
"06009","618","697","165","173","690","287","1155","67","93","07-05-2023 10:00:04"
"06010","486","541","110","116","521","280","858","50","119","07-05-2023 10:00:04"
"06011","625","702","139","147","690","351","1153","64","110","07-05-2023 10:00:04"
"06012","546","641","141","109","597","340","968","91","128","07-05-2023 10:00:04"
"06013","870","978","203","175","1123","347","1419","124","305","07-05-2023 10:00:04"
"06014","645","816","171","143","766","381","1202","72","187","07-05-2023 10:00:04"
"06015","692","785","174","150","874","279","1109","79","289","07-05-2023 10:00:04"
"06016","728","888","201","165","975","275","1269","83","264","07-05-2023 10:00:04"
"06017","687","769","182","155","830","289","1190","90","176","07-05-2023 10:00:04"
"06018","651","709","165","93","831","271","997","167","196","07-05-2023 10:00:04"
"06019","760","834","205","157","915","317","1229","133","232","07-05-2023 10:00:04"
"06020","547","655","135","120","664","283","911","92","199","07-05-2023 10:00:04"
"06021","643","746","192","128","717","352","1124","78","187","07-05-2023 10:00:04"
"06022","669","719","157","172","740","319","1064","134","190","07-05-2023 10:00:04"
"06023","601","674","154","101","584","436","1195","40","40","07-05-2023 10:00:04"
"06024","778","918","235","147","882","432","1425","101","170","07-05-2023 10:00:04"
"06025","638","772","188","134","713","375","1278","38","94","07-05-2023 10:00:04"
"06026","489","603","114","97","607","274","856","83","153","07-05-2023 10:00:04"
"06027","531","662","144","120","626","303","994","77","122","07-05-2023 10:00:04"
"06028","637","712","155","107","836","251","1004","128","217","07-05-2023 10:00:04"
"06029","635","734","139","93","786","351","1088","110","171","07-05-2023 10:00:04"
"06030","664","750","161","129","881","243","975","192","247","07-05-2023 10:00:04"
"06031","508","609","98","72","722","225","832","140","145","07-05-2023 10:00:04"
"06032","521","651","126","83","703","260","935","98","139","07-05-2023 10:00:04"
"06033","568","713","125","111","756","289","970","148","163","07-05-2023 10:00:04"
"06034","520","655","119","86","723","247","920","118","137","07-05-2023 10:00:04"
"06035","521","572","110","82","634","267","876","78","139","07-05-2023 10:00:04"
"06036","641","812","150","164","744","395","1141","115","197","07-05-2023 10:00:04"
"06037","523","570","157","123","585","228","850","116","127","07-05-2023 10:00:04"
"06038","645","878","189","144","905","285","1155","163","205","07-05-2023 10:00:04"
"06039","735","916","177","120","1113","241","1108","257","286","07-05-2023 10:00:04"
"06040","742","954","169","178","962","387","1237","199","260","07-05-2023 10:00:04"
"06041","778","967","209","183","1019","334","1331","160","254","07-05-2023 10:00:04"
"06042","802","923","214","183","1039","289","1245","171","309","07-05-2023 10:00:04"
"06043","627","703","157","139","802","232","861","182","287","07-05-2023 10:00:04"
"06044","785","881","183","218","970","295","1156","229","281","07-05-2023 10:00:04"
"06045","587","665","123","114","814","201","868","173","211","07-05-2023 10:00:04"
"06046","489","597","109","83","710","184","812","114","160","07-05-2023 10:00:04"
"06047","542","687","114","102","834","179","803","219","207","07-05-2023 10:00:04"
"06048","673","749","127","121","959","215","931","209","282","07-05-2023 10:00:04"
"06049","477","638","120","105","682","208","779","143","193","07-05-2023 10:00:04"
"06050","633","693","127","106","884","209","888","188","250","07-05-2023 10:00:04"
"06051","522","684","131","121","751","203","903","144","159","07-05-2023 10:00:04"
"06052","668","802","143","118","913","296","1110","184","176","07-05-2023 10:00:04"
"06053","721","849","170","105","1010","285","1105","215","250","07-05-2023 10:00:04"
"06054","772","823","183","127","1027","258","1140","229","226","07-05-2023 10:00:04"
"06055","632","772","130","115","885","274","1068","143","193","07-05-2023 10:00:04"
"06056","758","880","156","137","1141","204","1119","219","300","07-05-2023 10:00:04"
"06057","683","851","159","109","994","272","1086","200","248","07-05-2023 10:00:04"
"06058","771","969","160","140","1162","278","1218","225","297","07-05-2023 10:00:04"
"06059","693","805","147","121","918","312","1128","163","207","07-05-2023 10:00:04"
"06060","813","926","163","164","1110","302","1293","199","247","07-05-2023 10:00:04"
"06061","646","717","129","97","871","266","1017","133","213","07-05-2023 10:00:04"
"06062","564","693","135","113","738","271","989","104","164","07-05-2023 10:00:04"
"06063","662","808","157","117","926","270","1115","148","207","07-05-2023 10:00:04"
"06064","897","1045","201","170","1129","442","1535","164","243","07-05-2023 10:00:04"
"06065","518","630","121","87","640","300","934","83","131","07-05-2023 10:00:04"
"06066","436","553","101","62","595","231","754","121","114","07-05-2023 10:00:04"
"06067","839","958","177","134","1140","346","1343","182","272","07-05-2023 10:00:04"
"06068","704","866","165","139","909","357","1224","148","198","07-05-2023 10:00:04"
"06069","488","591","93","90","663","233","796","123","160","07-05-2023 10:00:04"
"06070","838","1069","179","186","1142","400","1408","190","309","07-05-2023 10:00:04"
"06071","499","600","95","94","646","264","868","74","157","07-05-2023 10:00:04"
"06072","749","893","176","123","889","454","1344","139","159","07-05-2023 10:00:04"
"06073","598","711","95","113","733","368","1062","104","143","07-05-2023 10:00:04"
"06074","534","607","130","107","660","244","852","92","197","07-05-2023 10:00:04"
"06075","515","573","122","85","526","355","930","57","101","07-05-2023 10:00:04"
"06076","599","685","158","88","655","383","1074","65","145","07-05-2023 10:00:04"
"06077","528","644","124","102","728","218","894","104","174","07-05-2023 10:00:04"
"06078","606","717","114","109","875","225","983","144","196","07-05-2023 10:00:04"
"06079","521","622","150","89","633","271","922","97","124","07-05-2023 10:00:04"
"06080","547","636","129","104","640","310","952","74","157","07-05-2023 10:00:04"
"06081","616","723","142","98","791","308","1037","120","182","07-05-2023 10:00:04"
"06082","1719","1716","374","368","2224","469","1884","285","1266","07-05-2023 10:00:04"
"06083","785","871","176","119","894","467","1437","89","130","07-05-2023 10:00:04"
"06084","657","799","166","125","860","305","1193","107","156","07-05-2023 10:00:04"
"06085","602","725","141","124","716","346","1066","119","142","07-05-2023 10:00:04"
"06086","441","531","100","86","503","283","847","55","70","07-05-2023 10:00:04"
"06087","846","991","208","112","861","656","1639","78","120","07-05-2023 10:00:04"
"06088","546","690","135","101","687","313","1064","67","105","07-05-2023 10:00:04"
"07001","700","877","159","116","775","527","1377","62","138","07-05-2023 10:00:04"
"07002","475","617","97","80","592","323","950","47","95","07-05-2023 10:00:04"
"07003","640","748","175","122","810","281","1036","106","246","07-05-2023 10:00:04"
"07004","719","860","157","138","926","358","1154","120","305","07-05-2023 10:00:04"
"07005","683","773","144","117","882","313","1160","87","209","07-05-2023 10:00:04"
"07006","447","503","75","93","479","303","824","50","76","07-05-2023 10:00:04"
"07007","628","804","133","113","756","430","1168","73","191","07-05-2023 10:00:04"
"07008","656","760","134","115","706","461","1214","57","145","07-05-2023 10:00:04"
"07009","529","712","111","94","791","245","935","105","201","07-05-2023 10:00:04"
"07010","607","699","138","117","781","270","1012","91","203","07-05-2023 10:00:04"
"07011","541","625","79","92","727","268","805","134","227","07-05-2023 10:00:04"
"07012","717","849","197","108","899","362","1237","116","213","07-05-2023 10:00:04"
"07013","584","649","100","94","671","368","1048","43","142","07-05-2023 10:00:04"
"07014","396","466","74","74","502","212","673","49","140","07-05-2023 10:00:04"
"07015","655","750","170","113","763","359","1171","70","164","07-05-2023 10:00:04"
"07016","653","699","140","133","722","357","1157","86","109","07-05-2023 10:00:04"
"07017","816","1008","232","174","1053","365","1441","119","264","07-05-2023 10:00:04"
"07018","794","929","212","160","1004","347","1395","76","252","07-05-2023 10:00:04"
"07019","766","833","197","137","907","358","1266","101","232","07-05-2023 10:00:04"
"07020","841","922","222","180","1022","339","1336","96","331","07-05-2023 10:00:04"
"07021","521","571","129","103","572","288","926","54","112","07-05-2023 10:00:04"
"07022","545","629","130","124","644","276","979","49","146","07-05-2023 10:00:04"
"07023","639","656","138","113","797","247","1032","98","165","07-05-2023 10:00:04"
"07024","721","806","185","142","890","310","1237","77","213","07-05-2023 10:00:04"
"07025","727","794","179","148","919","275","1124","101","296","07-05-2023 10:00:04"
"07026","534","609","139","83","623","298","936","70","137","07-05-2023 10:00:04"
"07027","999","1129","331","228","1178","391","1685","132","311","07-05-2023 10:00:04"
"07028","753","771","197","139","935","253","1169","101","254","07-05-2023 10:00:04"
"07029","642","703","137","127","741","340","1072","80","193","07-05-2023 10:00:04"
"07030","686","801","194","137","831","325","1159","61","267","07-05-2023 10:00:04"
"07031","756","841","200","148","957","292","1211","76","310","07-05-2023 10:00:04"
"07032","716","762","159","149","861","309","1197","59","222","07-05-2023 10:00:04"
"07033","709","800","162","140","865","342","1217","102","190","07-05-2023 10:00:04"
"07034","840","980","233","173","1063","351","1509","95","216","07-05-2023 10:00:04"
"07035","825","943","201","166","979","422","1505","76","187","07-05-2023 10:00:04"
"07036","667","777","146","128","821","349","1195","66","183","07-05-2023 10:00:04"
"07037","729","822","146","164","879","362","1235","75","241","07-05-2023 10:00:04"
"07038","611","672","125","130","695","333","1065","73","145","07-05-2023 10:00:04"
"07039","757","871","143","169","1000","316","1309","81","238","07-05-2023 10:00:04"
"07040","688","809","159","123","924","291","1176","98","223","07-05-2023 10:00:04"
"07041","627","797","159","125","882","258","1048","100","276","07-05-2023 10:00:04"
"07042","743","888","185","110","974","362","1317","64","250","07-05-2023 10:00:04"
"07043","704","792","175","147","857","317","1199","70","227","07-05-2023 10:00:04"
"07044","607","705","109","104","712","387","1123","66","123","07-05-2023 10:00:04"
"07045","821","861","216","160","974","332","1337","85","260","07-05-2023 10:00:04"
"07046","640","752","160","120","731","381","1119","66","207","07-05-2023 10:00:04"
"07047","733","797","168","125","904","333","1237","62","231","07-05-2023 10:00:04"
"07048","607","713","141","117","741","321","1099","65","156","07-05-2023 10:00:04"
"07049","577","648","119","103","673","330","1004","51","170","07-05-2023 10:00:04"
"07050","577","643","142","119","735","224","943","75","202","07-05-2023 10:00:04"
"07051","863","1006","240","176","1113","340","1482","90","297","07-05-2023 10:00:04"
"07052","636","694","200","108","660","362","1202","64","64","07-05-2023 10:00:04"
"07053","708","754","165","139","800","358","1302","37","123","07-05-2023 10:00:04"
"07054","811","897","241","178","898","391","1510","51","147","07-05-2023 10:00:04"
"07055","552","660","147","139","582","344","1136","27","49","07-05-2023 10:00:04"
"07056","598","632","139","133","673","285","1072","61","97","07-05-2023 10:00:04"
"07057","693","792","187","157","802","339","1344","40","101","07-05-2023 10:00:04"
"07058","651","700","155","133","730","333","1246","34","71","07-05-2023 10:00:04"
"07059","667","688","144","119","800","292","1070","99","186","07-05-2023 10:00:04"
"07060","933","988","193","186","1161","381","1551","110","260","07-05-2023 10:00:04"
"07061","583","601","143","128","629","284","1041","34","109","07-05-2023 10:00:04"
"07062","652","688","172","117","787","264","1093","65","182","07-05-2023 10:00:04"
"07063","705","768","199","137","826","311","1204","31","238","07-05-2023 10:00:04"
"07064","803","926","199","200","968","362","1399","52","278","07-05-2023 10:00:04"
"07065","812","957","215","190","1012","352","1252","91","426","07-05-2023 10:00:04"
"07066","863","955","243","155","1045","375","1377","69","372","07-05-2023 10:00:04"
"07067","764","849","201","182","953","277","1185","68","360","07-05-2023 10:00:04"
"07068","624","714","161","134","777","266","1006","39","293","07-05-2023 10:00:04"
"07069","704","771","163","142","860","310","1098","58","319","07-05-2023 10:00:04"
"07070","659","782","162","162","808","309","1119","21","301","07-05-2023 10:00:04"
"07071","627","729","146","122","696","392","1177","29","150","07-05-2023 10:00:04"
"07072","685","770","144","168","832","311","1170","46","239","07-05-2023 10:00:04"
"07073","547","623","139","98","620","313","916","31","223","07-05-2023 10:00:04"
"07074","845","894","216","187","980","356","1381","54","304","07-05-2023 10:00:04"
"07075","591","638","136","112","693","288","965","21","243","07-05-2023 10:00:04"
"07076","672","741","163","152","771","327","1120","39","254","07-05-2023 10:00:04"
"07077","646","680","146","144","771","265","1070","33","223","07-05-2023 10:00:04"
"07078","701","744","194","138","818","295","1139","72","234","07-05-2023 10:00:04"
"07079","711","818","176","154","838","361","1156","27","346","07-05-2023 10:00:04"
"07080","857","1003","293","182","1047","338","1498","62","300","07-05-2023 10:00:04"
"07081","919","996","173","210","1059","473","1612","57","246","07-05-2023 10:00:04"
"07082","596","665","124","141","741","255","1043","45","173","07-05-2023 10:00:04"
"07083","663","735","156","132","782","328","1103","35","260","07-05-2023 10:00:04"
"07084","668","711","171","121","808","279","1052","60","267","07-05-2023 10:00:04"
"07085","646","669","142","147","771","255","1072","50","193","07-05-2023 10:00:04"
"07086","736","788","202","139","885","298","1158","46","320","07-05-2023 10:00:04"
"07087","790","902","211","142","957","382","1356","70","266","07-05-2023 10:00:04"
"07088","831","926","222","199","1058","278","1374","60","323","07-05-2023 10:00:04"
"07089","653","808","161","141","777","382","1189","62","210","07-05-2023 10:00:04"
"07090","735","796","243","144","834","310","1297","55","179","07-05-2023 10:00:04"
"07091","582","717","145","127","737","290","1031","43","225","07-05-2023 10:00:04"
"07092","701","827","176","147","871","334","1069","37","422","07-05-2023 10:00:04"
"07093","876","889","213","234","910","408","1371","44","350","07-05-2023 10:00:04"
"07094","573","711","138","104","743","299","1049","54","181","07-05-2023 10:00:04"
"07095","764","831","170","189","920","316","1259","72","264","07-05-2023 10:00:04"
"07096","671","813","163","153","862","306","1174","47","263","07-05-2023 10:00:04"
"07097","385","523","87","59","426","336","777","24","107","07-05-2023 10:00:04"
"07098","1031","1162","300","232","1140","521","2007","50","136","07-05-2023 10:00:04"
"07099","499","534","82","82","615","254","952","20","61","07-05-2023 10:00:04"
"07100","553","637","117","84","579","410","1018","37","135","07-05-2023 10:00:04"
"07101","694","813","136","120","727","524","1272","55","180","07-05-2023 10:00:04"
"07102","367","337","126","57","440","81","605","17","82","07-05-2023 10:00:04"
"07103","725","846","164","247","853","307","1178","49","344","07-05-2023 10:00:04"
"07104","752","827","202","149","850","378","1364","44","171","07-05-2023 10:00:04"
"07105","487","561","105","88","548","307","965","20","63","07-05-2023 10:00:04"
"07106","561","645","152","122","629","303","1090","13","103","07-05-2023 10:00:04"
"07107","561","625","140","117","621","308","1083","26","77","07-05-2023 10:00:04"
"07108","590","671","146","121","666","328","1115","38","108","07-05-2023 10:00:04"
"07109","800","905","199","155","930","421","1398","62","245","07-05-2023 10:00:04"
"07110","436","586","95","90","499","338","934","16","72","07-05-2023 10:00:04"
"07111","395","525","97","94","409","320","853","14","53","07-05-2023 10:00:04"
"07112","650","702","150","147","748","307","1178","40","134","07-05-2023 10:00:04"
"07113","593","656","160","152","716","221","1058","14","177","07-05-2023 10:00:04"
"07114","577","659","150","124","684","278","1100","36","100","07-05-2023 10:00:04"
"07115","500","585","129","114","576","266","1004","33","48","07-05-2023 10:00:04"
"07116","690","837","216","160","810","341","1375","36","116","07-05-2023 10:00:04"
"07117","2467","2242","555","596","3181","377","1481","139","3089","07-05-2023 10:00:04"
"07118","582","688","145","134","679","312","1087","37","146","07-05-2023 10:00:04"
"07119","630","717","167","142","770","268","1087","26","234","07-05-2023 10:00:04"
"07120","563","693","136","106","664","350","1051","26","179","07-05-2023 10:00:04"
"07121","551","673","138","106","655","325","936","24","264","07-05-2023 10:00:04"
"07122","594","739","149","108","720","356","1152","31","150","07-05-2023 10:00:04"
"07123","691","742","156","168","734","375","1263","27","143","07-05-2023 10:00:04"
"08001","600","687","133","116","666","372","1108","22","157","07-05-2023 10:00:04"
"08002","593","681","136","154","660","324","1110","29","135","07-05-2023 10:00:04"
"08003","587","668","142","120","661","332","1058","36","161","07-05-2023 10:00:04"
"08004","673","844","182","137","836","362","1174","31","312","07-05-2023 10:00:04"
"08005","551","617","111","140","585","332","1003","23","142","07-05-2023 10:00:04"
"08006","769","917","189","199","909","389","1339","53","294","07-05-2023 10:00:04"
"08007","532","631","114","99","592","358","1031","31","101","07-05-2023 10:00:04"
"08008","754","867","170","159","870","422","1334","46","241","07-05-2023 10:00:04"
"08009","861","972","223","165","1100","345","1458","60","315","07-05-2023 10:00:04"
"08010","534","605","114","120","653","252","987","25","127","07-05-2023 10:00:04"
"08011","556","639","130","131","657","277","1050","32","113","07-05-2023 10:00:04"
"08012","574","696","110","135","729","296","1066","42","162","07-05-2023 10:00:04"
"08013","523","672","145","120","614","316","1009","33","153","07-05-2023 10:00:04"
"08014","608","702","146","157","759","248","1034","42","234","07-05-2023 10:00:04"
"08015","653","823","162","151","851","312","1102","39","335","07-05-2023 10:00:04"
"08016","508","645","137","92","607","317","926","34","193","07-05-2023 10:00:04"
"08017","654","726","153","115","717","395","1150","39","191","07-05-2023 10:00:04"
"08018","700","819","160","136","802","421","1263","25","231","07-05-2023 10:00:04"
"08019","875","986","224","159","1073","405","1380","67","414","07-05-2023 10:00:04"
"08020","677","721","150","131","814","303","1119","30","249","07-05-2023 10:00:04"
"08021","678","784","155","138","807","362","1226","34","202","07-05-2023 10:00:04"
"08022","562","646","113","105","655","335","1007","25","176","07-05-2023 10:00:04"
"08023","686","757","182","142","848","271","1118","34","291","07-05-2023 10:00:04"
"08024","628","756","147","135","756","346","1139","36","209","07-05-2023 10:00:04"
"08025","578","727","166","136","743","260","993","37","275","07-05-2023 10:00:04"
"08026","626","747","163","140","758","312","1138","43","192","07-05-2023 10:00:04"
"08027","711","737","194","120","762","372","1286","39","123","07-05-2023 10:00:04"
"08028","500","596","126","69","561","340","956","25","115","07-05-2023 10:00:04"
"08029","706","823","190","203","837","299","1324","39","166","07-05-2023 10:00:04"
"08030","719","779","183","151","849","315","1220","51","227","07-05-2023 10:00:04"
"08031","609","698","149","136","640","382","1105","21","181","07-05-2023 10:00:04"
"08032","586","677","120","106","669","368","1080","21","162","07-05-2023 10:00:04"
"08033","733","798","188","160","860","323","1180","41","310","07-05-2023 10:00:04"
"08034","548","703","142","125","690","294","921","19","311","07-05-2023 10:00:04"
"08035","3578","3141","768","797","4614","540","2075","113","4531","07-05-2023 10:00:04"
"08036","715","871","179","153","921","333","1179","38","369","07-05-2023 10:00:04"
"08037","718","882","173","160","884","383","1247","31","322","07-05-2023 10:00:04"
"08038","781","888","225","186","978","280","1222","25","422","07-05-2023 10:00:04"
"08039","739","819","192","151","879","336","1203","39","316","07-05-2023 10:00:04"
"08040","946","1036","299","195","1180","308","1539","37","406","07-05-2023 10:00:04"
"08041","1258","1334","450","344","1512","286","1648","60","884","07-05-2023 10:00:04"
"08042","567","711","133","117","632","396","1071","9","198","07-05-2023 10:00:04"
"08043","489","622","113","119","591","288","1001","10","100","07-05-2023 10:00:04"
"08044","632","747","196","113","829","241","1027","30","322","07-05-2023 10:00:04"
"08045","893","940","241","207","1083","302","1291","53","489","07-05-2023 10:00:04"
"08046","709","836","185","150","925","285","1157","33","355","07-05-2023 10:00:04"
"08047","770","916","247","171","988","280","1163","52","471","07-05-2023 10:00:04"
"08048","461","518","124","113","515","227","894","7","78","07-05-2023 10:00:04"
"08049","567","634","142","128","666","265","1088","15","98","07-05-2023 10:00:04"
"08050","631","738","151","95","650","473","1261","23","85","07-05-2023 10:00:04"
"08051","656","689","190","171","715","269","1245","13","87","07-05-2023 10:00:04"
"08052","406","496","107","65","486","244","798","15","89","07-05-2023 10:00:04"
"08053","514","612","118","101","548","359","1033","23","70","07-05-2023 10:00:04"
"08054","757","891","150","161","837","500","1450","29","169","07-05-2023 10:00:04"
"08055","847","937","178","147","755","704","1678","22","84","07-05-2023 10:00:04"
"08056","764","804","164","163","868","373","1316","31","221","07-05-2023 10:00:04"
"08057","624","706","129","148","711","342","1141","21","168","07-05-2023 10:00:04"
"08058","792","901","179","183","970","361","1405","37","251","07-05-2023 10:00:04"
"08059","496","528","114","110","577","223","889","13","122","07-05-2023 10:00:04"
"08060","543","634","115","98","570","394","1089","10","78","07-05-2023 10:00:04"
"08061","769","869","170","168","859","441","1510","14","114","07-05-2023 10:00:04"
"08062","537","595","84","102","553","393","1067","8","57","07-05-2023 10:00:04"
"08063","505","557","87","93","440","442","983","8","71","07-05-2023 10:00:04"
"08064","852","956","218","174","976","440","1608","24","176","07-05-2023 10:00:04"
"08065","925","867","304","222","1047","219","1313","67","412","07-05-2023 10:00:04"
"08066","803","863","270","217","939","240","1240","44","382","07-05-2023 10:00:04"
"08067","896","974","250","231","1055","334","1442","54","374","07-05-2023 10:00:04"
"08068","909","1009","267","218","1087","346","1385","28","505","07-05-2023 10:00:04"
"08069","762","830","203","178","904","307","1149","43","400","07-05-2023 10:00:04"
"08070","716","800","242","170","852","252","1093","38","385","07-05-2023 10:00:04"
"08071","858","898","232","193","991","340","1353","24","379","07-05-2023 10:00:04"
"08072","553","654","152","126","628","301","981","20","206","07-05-2023 10:00:04"
"08073","906","988","264","207","1120","303","1212","53","629","07-05-2023 10:00:04"
"08074","807","818","255","194","921","255","1142","38","445","07-05-2023 10:00:04"
"08075","872","1092","242","211","1114","397","1455","49","460","07-05-2023 10:00:04"
"08076","704","897","187","131","834","449","1295","36","270","07-05-2023 10:00:04"
"08077","684","751","198","166","788","283","1250","17","168","07-05-2023 10:00:04"
"08078","769","875","196","187","975","286","1186","40","418","07-05-2023 10:00:04"
"08079","692","798","206","160","872","252","1089","54","347","07-05-2023 10:00:04"
"08080","770","821","203","181","881","326","1159","52","380","07-05-2023 10:00:04"
"08081","802","909","273","199","982","257","1147","42","522","07-05-2023 10:00:04"
"08082","745","889","172","153","951","358","1243","31","360","07-05-2023 10:00:04"
"08083","617","689","161","129","726","290","924","42","340","07-05-2023 10:00:04"
"08084","496","628","128","101","591","304","926","12","186","07-05-2023 10:00:04"
"08085","760","803","181","189","918","275","1175","29","359","07-05-2023 10:00:04"
"08086","788","916","197","179","932","396","1356","55","293","07-05-2023 10:00:04"
"08087","589","649","140","126","673","299","987","20","231","07-05-2023 10:00:04"
"08088","620","705","171","137","726","291","1064","38","223","07-05-2023 10:00:04"
"08089","558","662","135","119","701","265","953","32","235","07-05-2023 10:00:04"
"08090","574","636","139","110","657","304","987","22","201","07-05-2023 10:00:04"
"08091","590","645","103","126","679","327","1002","26","207","07-05-2023 10:00:04"
"08092","473","523","97","87","485","327","841","9","146","07-05-2023 10:00:04"
"08093","630","691","173","140","703","305","1097","27","197","07-05-2023 10:00:04"
"08094","697","776","121","140","696","516","1274","18","181","07-05-2023 10:00:04"
"08095","544","581","112","130","574","309","988","23","114","07-05-2023 10:00:04"
"08096","733","838","204","166","892","309","1304","37","230","07-05-2023 10:00:04"
"08097","602","720","165","146","729","282","1106","21","195","07-05-2023 10:00:04"
"08098","600","667","146","148","708","265","1022","18","227","07-05-2023 10:00:04"
"08099","728","764","197","161","883","251","1135","51","306","07-05-2023 10:00:04"
"08100","585","729","165","130","736","283","1024","29","261","07-05-2023 10:00:04"
"08101","791","923","197","154","855","508","1475","15","224","07-05-2023 10:00:04"
"08102","733","888","178","172","839","432","1202","28","391","07-05-2023 10:00:04"
"08103","836","882","239","199","1034","246","1137","32","549","07-05-2023 10:00:04"
"08104","621","686","170","132","750","255","992","22","293","07-05-2023 10:00:04"
"08105","681","738","166","161","807","285","1096","26","297","07-05-2023 10:00:04"
"08106","615","685","185","148","748","219","930","32","338","07-05-2023 10:00:04"
"08107","920","989","222","218","1107","362","1640","17","252","07-05-2023 10:00:04"
"08108","1019","1026","353","272","1176","244","1525","67","453","07-05-2023 10:00:04"
"08109","471","470","132","118","522","169","835","15","91","07-05-2023 10:00:04"
"08110","978","1015","398","234","1117","244","1308","34","651","07-05-2023 10:00:04"
"08111","805","865","273","208","926","263","1133","23","514","07-05-2023 10:00:04"
"08112","854","879","286","215","929","303","1201","29","503","07-05-2023 10:00:04"
"08113","911","984","318","265","984","328","1331","30","534","07-05-2023 10:00:04"
"08114","1000","1003","325","225","1069","384","1441","29","533","07-05-2023 10:00:04"
"08115","867","887","288","192","964","310","1191","23","540","07-05-2023 10:00:04"
"08116","713","730","220","171","772","280","1195","27","221","07-05-2023 10:00:04"
"08215","674","954","294","153","852","329","1262","46","320","07-05-2023 10:00:04"
"09001","1457","1309","502","332","1616","316","1757","62","947","07-05-2023 10:00:04"
"09002","1094","1098","355","276","1245","316","1470","67","655","07-05-2023 10:00:04"
"09003","1158","1114","371","255","1262","384","1548","95","629","07-05-2023 10:00:04"
"09004","843","822","238","206","936","285","1211","35","419","07-05-2023 10:00:04"
"09005","812","850","251","164","971","276","1347","55","260","07-05-2023 10:00:04"
"09006","630","657","197","144","711","235","1118","24","145","07-05-2023 10:00:04"
"09007","627","667","197","161","735","201","1060","19","215","07-05-2023 10:00:04"
"09008","923","923","385","280","1057","124","1724","26","96","07-05-2023 10:00:04"
"09009","663","768","212","163","742","314","1285","22","124","07-05-2023 10:00:04"
"09010","856","940","205","187","944","460","1608","20","168","07-05-2023 10:00:04"
"09011","809","832","209","182","894","356","1430","26","185","07-05-2023 10:00:04"
"09013","1042","1125","375","272","1231","289","1543","47","577","07-05-2023 10:00:04"
"09014","2405","1993","524","560","2890","424","1707","103","2588","07-05-2023 10:00:04"
"09015","976","990","265","238","1150","313","1454","46","466","07-05-2023 10:00:04"
"09016","611","673","120","105","698","361","1201","12","71","07-05-2023 10:00:04"
"09017","728","790","190","167","868","293","1363","33","122","07-05-2023 10:00:04"
"09018","683","768","192","135","762","362","1368","18","65","07-05-2023 10:00:04"
"09019","1291","1386","404","251","1435","587","2472","43","162","07-05-2023 10:00:04"
"09020","516","616","118","88","582","344","1053","13","66","07-05-2023 10:00:04"
"09021","655","751","160","134","754","358","1232","47","127","07-05-2023 10:00:04"
"09022","605","669","169","110","672","323","1139","27","108","07-05-2023 10:00:04"
"09023","592","607","155","106","666","272","1097","36","66","07-05-2023 10:00:04"
"09024","523","672","145","106","645","299","1072","23","100","07-05-2023 10:00:04"
"09025","603","692","164","126","738","267","1121","34","140","07-05-2023 10:00:04"
"09026","703","776","169","119","781","410","1351","41","87","07-05-2023 10:00:04"
"09027","616","664","120","93","653","414","1188","16","76","07-05-2023 10:00:04"
"09028","738","792","235","231","846","218","1492","14","24","07-05-2023 10:00:04"
"09029","506","583","107","86","581","315","982","13","94","07-05-2023 10:00:04"
"09030","679","782","212","160","812","277","1361","23","77","07-05-2023 10:00:04"
"09031","581","613","170","196","600","228","1135","17","42","07-05-2023 10:00:04"
"09032","1031","1172","407","251","1256","289","1907","37","259","07-05-2023 10:00:04"
"09033","1597","1708","408","294","1898","705","2810","95","400","07-05-2023 10:00:04"
"09034","679","788","144","148","738","437","1238","28","201","07-05-2023 10:00:04"
"09035","728","832","163","125","861","411","1351","43","166","07-05-2023 10:00:04"
"09036","635","725","131","117","689","423","1271","24","65","07-05-2023 10:00:04"
"09037","942","836","189","271","940","378","1341","20","417","07-05-2023 10:00:04"
"09038","807","928","242","172","938","383","1588","19","128","07-05-2023 10:00:04"
"09039","743","818","168","144","867","382","1390","37","134","07-05-2023 10:00:04"
"09040","759","901","249","142","950","319","1480","42","138","07-05-2023 10:00:04"
"09041","640","760","172","128","764","336","1256","32","112","07-05-2023 10:00:04"
"09042","571","713","148","107","729","300","1106","40","138","07-05-2023 10:00:04"
"09043","657","737","162","121","788","323","1168","53","173","07-05-2023 10:00:04"
"09044","755","797","217","128","886","321","1367","44","141","07-05-2023 10:00:04"
"09045","664","778","196","121","780","345","1274","29","139","07-05-2023 10:00:04"
"09046","608","707","171","109","694","341","1190","38","87","07-05-2023 10:00:04"
"09047","761","838","193","142","939","325","1404","52","143","07-05-2023 10:00:04"
"09048","636","710","148","120","702","376","1200","23","123","07-05-2023 10:00:04"
"09049","587","703","153","128","687","322","1074","18","198","07-05-2023 10:00:04"
"09050","723","816","181","124","870","364","1325","59","155","07-05-2023 10:00:04"
"09051","611","657","146","110","718","294","1107","43","118","07-05-2023 10:00:04"
"09052","576","643","147","106","649","317","1085","26","108","07-05-2023 10:00:04"
"09053","764","896","225","152","856","427","1451","26","183","07-05-2023 10:00:04"
"09054","503","583","100","94","580","312","939","23","124","07-05-2023 10:00:04"
"09055","846","961","218","144","901","544","1418","40","349","07-05-2023 10:00:04"
"09056","549","614","92","84","554","433","1004","17","142","07-05-2023 10:00:04"
"09057","804","883","186","157","963","381","1259","56","372","07-05-2023 10:00:04"
"09058","746","793","220","172","900","247","1259","46","234","07-05-2023 10:00:04"
"09059","683","744","188","106","795","338","1216","51","160","07-05-2023 10:00:04"
"09060","639","739","155","118","773","332","1143","54","181","07-05-2023 10:00:04"
"09061","833","911","229","178","977","360","1506","66","172","07-05-2023 10:00:04"
"09062","759","832","236","154","953","248","1301","80","210","07-05-2023 10:00:04"
"09063","544","598","118","82","695","247","979","63","100","07-05-2023 10:00:04"
"09064","536","618","127","74","615","338","1004","29","121","07-05-2023 10:00:04"
"09065","974","1152","241","183","1153","549","1691","71","364","07-05-2023 10:00:04"
"09066","686","744","162","108","801","359","1230","61","139","07-05-2023 10:00:04"
"09067","705","817","172","117","876","357","1208","51","263","07-05-2023 10:00:04"
"09068","748","811","172","154","867","366","1344","49","166","07-05-2023 10:00:04"
"09069","439","541","109","99","533","239","792","20","168","07-05-2023 10:00:04"
"09070","854","966","208","170","1027","415","1298","80","442","07-05-2023 10:00:04"
"09071","879","1054","216","156","1058","503","1493","51","389","07-05-2023 10:00:04"
"09072","689","829","173","133","869","343","1131","73","314","07-05-2023 10:00:04"
"09073","707","791","123","113","803","459","1299","39","160","07-05-2023 10:00:04"
"09074","827","916","217","172","994","360","1443","60","240","07-05-2023 10:00:04"
"09075","772","831","206","160","913","324","1266","48","289","07-05-2023 10:00:04"
"09076","691","801","192","116","904","280","1254","48","190","07-05-2023 10:00:04"
"09077","759","890","225","148","932","344","1404","54","191","07-05-2023 10:00:04"
"09078","687","802","158","140","890","301","1206","49","234","07-05-2023 10:00:04"
"09079","784","897","182","161","938","400","1388","59","234","07-05-2023 10:00:04"
"09080","656","707","147","117","759","340","1143","59","161","07-05-2023 10:00:04"
"09081","829","950","183","190","1007","399","1463","67","249","07-05-2023 10:00:04"
"09082","992","1118","282","185","1294","349","1654","100","356","07-05-2023 10:00:04"
"09083","778","892","198","171","892","409","1374","64","232","07-05-2023 10:00:04"
"09084","819","929","197","143","994","414","1418","83","247","07-05-2023 10:00:04"
"09085","831","972","205","167","1052","379","1473","94","236","07-05-2023 10:00:04"
"09086","705","797","170","167","824","341","1169","64","269","07-05-2023 10:00:04"
"09087","627","676","139","114","684","366","1100","60","143","07-05-2023 10:00:04"
"09088","878","1067","212","160","1061","512","1599","73","273","07-05-2023 10:00:04"
"09089","677","832","181","115","825","388","1224","64","221","07-05-2023 10:00:04"
"09090","725","819","144","129","853","418","1216","66","262","07-05-2023 10:00:04"
"09091","861","1000","199","176","1013","473","1510","59","292","07-05-2023 10:00:04"
"09092","923","1000","172","195","1069","487","1610","62","251","07-05-2023 10:00:04"
"09093","617","682","125","123","712","339","1106","40","153","07-05-2023 10:00:04"
"09094","972","1059","182","230","1161","458","1645","108","278","07-05-2023 10:00:04"
"09095","1050","1152","303","192","1272","435","1816","86","300","07-05-2023 10:00:04"
"09156","586","672","135","84","573","466","1060","47","151","07-05-2023 10:00:04"
"10001","810","841","158","159","988","346","1200","118","333","07-05-2023 10:00:04"
"10002","914","947","212","150","1182","317","1443","125","293","07-05-2023 10:00:04"
"10003","756","843","173","153","941","332","1244","88","267","07-05-2023 10:00:04"
"10004","714","861","194","125","847","409","1275","99","201","07-05-2023 10:00:04"
"10005","748","902","148","123","894","485","1351","77","222","07-05-2023 10:00:04"
"10006","864","1018","213","150","1123","396","1470","109","303","07-05-2023 10:00:04"
"10007","640","675","132","87","686","410","1138","75","102","07-05-2023 10:00:04"
"10008","791","940","162","137","997","435","1307","132","292","07-05-2023 10:00:04"
"10009","800","887","142","168","993","384","1253","139","295","07-05-2023 10:00:04"
"10010","816","959","177","149","1095","354","1301","119","355","07-05-2023 10:00:04"
"10011","553","650","104","105","713","281","959","90","154","07-05-2023 10:00:04"
"10012","849","940","169","169","1001","450","1395","119","275","07-05-2023 10:00:04"
"10013","641","746","167","105","821","294","1077","112","198","07-05-2023 10:00:04"
"10014","693","786","150","104","902","323","1060","151","268","07-05-2023 10:00:04"
"10015","946","1030","186","156","1192","442","1414","167","395","07-05-2023 10:00:04"
"10016","604","623","120","83","677","347","943","79","205","07-05-2023 10:00:04"
"10017","778","929","158","143","929","477","1267","132","308","07-05-2023 10:00:04"
"10018","685","779","145","121","942","256","1008","152","304","07-05-2023 10:00:04"
"10019","752","855","133","121","928","425","1295","83","229","07-05-2023 10:00:04"
"10020","711","774","146","113","836","390","1129","112","244","07-05-2023 10:00:04"
"10021","620","693","125","125","767","296","1009","80","224","07-05-2023 10:00:04"
"10022","638","721","129","125","855","250","1029","111","219","07-05-2023 10:00:04"
"10023","676","790","149","145","838","334","1138","108","220","07-05-2023 10:00:04"
"10024","720","800","189","144","913","274","1186","94","240","07-05-2023 10:00:04"
"10025","583","743","145","105","799","277","998","101","227","07-05-2023 10:00:04"
"10026","798","855","192","156","1007","298","1260","115","278","07-05-2023 10:00:04"
"10027","722","831","158","134","884","377","1282","70","201","07-05-2023 10:00:04"
"10028","867","922","166","199","1067","357","1410","76","303","07-05-2023 10:00:04"
"10029","705","733","172","132","823","311","1167","87","184","07-05-2023 10:00:04"
"10030","821","948","191","159","928","491","1538","67","164","07-05-2023 10:00:04"
"10031","718","785","151","100","915","337","1182","103","218","07-05-2023 10:00:04"
"10032","650","715","124","141","842","258","1133","120","112","07-05-2023 10:00:04"
"10033","403","481","73","76","412","323","809","24","51","07-05-2023 10:00:04"
"10034","777","862","172","138","811","518","1425","59","155","07-05-2023 10:00:04"
"10035","942","981","226","255","1070","372","1764","47","112","07-05-2023 10:00:04"
"10036","716","723","171","228","877","163","1179","128","132","07-05-2023 10:00:04"
"10037","493","550","135","89","630","189","749","74","220","07-05-2023 10:00:04"
"10038","800","889","166","150","1052","321","1305","173","211","07-05-2023 10:00:04"
"10039","882","967","203","187","1140","319","1301","211","337","07-05-2023 10:00:04"
"10040","888","943","162","180","1075","414","1346","165","320","07-05-2023 10:00:04"
"10041","769","831","184","107","950","359","1193","134","273","07-05-2023 10:00:04"
"10042","1708","1844","680","249","2203","420","2566","335","651","07-05-2023 10:00:04"
"10043","1419","1448","414","395","1801","257","1624","488","755","07-05-2023 10:00:04"
"10044","755","825","135","121","904","420","1174","177","229","07-05-2023 10:00:04"
"10045","603","669","134","98","726","314","997","126","149","07-05-2023 10:00:04"
"10046","557","673","115","84","659","372","956","119","155","07-05-2023 10:00:04"
"10047","812","871","128","129","961","465","1245","180","258","07-05-2023 10:00:04"
"10048","818","834","214","141","980","317","1213","213","226","07-05-2023 10:00:04"
"10049","645","645","138","113","682","357","1009","124","157","07-05-2023 10:00:04"
"10050","728","837","168","125","879","393","1269","114","182","07-05-2023 10:00:04"
"10051","829","844","219","159","977","318","1246","198","229","07-05-2023 10:00:04"
"10052","1184","1201","307","294","1448","336","1829","309","247","07-05-2023 10:00:04"
"10053","847","883","182","194","958","396","1380","169","181","07-05-2023 10:00:04"
"10054","456","503","124","128","535","172","727","132","100","07-05-2023 10:00:04"
"10055","1297","1308","312","348","1392","553","2045","294","266","07-05-2023 10:00:04"
"10056","931","937","238","157","1255","218","1197","322","349","07-05-2023 10:00:04"
"10057","708","729","189","84","938","226","984","208","245","07-05-2023 10:00:04"
"10058","572","577","166","90","722","171","854","125","170","07-05-2023 10:00:04"
"10059","871","974","254","157","1144","290","1171","294","380","07-05-2023 10:00:04"
"10060","870","881","244","169","1141","197","1188","257","306","07-05-2023 10:00:04"
"10061","835","931","233","132","974","427","1434","152","180","07-05-2023 10:00:04"
"10062","734","806","188","157","887","308","1260","127","153","07-05-2023 10:00:04"
"10063","630","674","163","98","737","306","1013","142","149","07-05-2023 10:00:04"
"10064","769","876","203","128","1044","270","1179","232","234","07-05-2023 10:00:04"
"10065","761","827","196","158","946","288","1204","185","199","07-05-2023 10:00:04"
"10066","1030","1088","279","264","1223","352","1615","226","277","07-05-2023 10:00:04"
"10067","926","997","309","299","1115","200","1538","202","183","07-05-2023 10:00:04"
"10068","794","819","233","244","933","203","1380","109","124","07-05-2023 10:00:04"
"10069","1350","1480","519","307","1655","349","2218","252","360","07-05-2023 10:00:04"
"10070","781","915","164","166","1096","270","1243","225","228","07-05-2023 10:00:04"
"10071","881","902","200","202","1016","365","1532","114","137","07-05-2023 10:00:04"
"10072","1025","1062","297","197","1263","330","1509","264","314","07-05-2023 10:00:04"
"10073","697","766","152","129","780","402","1205","111","147","07-05-2023 10:00:04"
"10074","874","902","196","172","1104","304","1259","186","331","07-05-2023 10:00:04"
"10075","739","801","172","134","931","303","1172","165","203","07-05-2023 10:00:04"
"10076","1107","1171","491","94","1538","155","1878","161","239","07-05-2023 10:00:04"
"10077","939","916","274","264","1097","220","1521","165","169","07-05-2023 10:00:04"
"10078","1228","1230","429","302","1448","279","1844","294","320","07-05-2023 10:00:04"
"10079","818","899","194","216","929","378","1444","114","159","07-05-2023 10:00:04"
"10080","1174","1211","438","287","1376","284","1311","336","738","07-05-2023 10:00:04"
"10081","1124","1135","314","244","1354","347","1457","113","689","07-05-2023 10:00:04"
"10082","1087","1007","411","271","1203","209","1204","60","830","07-05-2023 10:00:04"
"10083","1226","1035","440","325","1286","210","1256","38","967","07-05-2023 10:00:04"
"10084","868","850","235","195","1021","267","1083","53","582","07-05-2023 10:00:04"
"10085","1119","1017","332","279","1253","272","1296","59","781","07-05-2023 10:00:04"
"10086","1021","993","288","265","1164","297","1424","34","556","07-05-2023 10:00:04"
"10087","954","960","302","204","1084","324","1298","56","560","07-05-2023 10:00:04"
"10088","805","861","165","172","918","411","1426","33","207","07-05-2023 10:00:04"
"10089","4486","2675","870","947","4919","425","2099","371","4691","07-05-2023 10:00:04"
"10090","725","795","198","161","896","265","1101","66","353","07-05-2023 10:00:04"
"10091","1031","1007","225","205","1141","467","1522","93","423","07-05-2023 10:00:04"
"10092","695","796","123","95","729","544","1271","41","179","07-05-2023 10:00:04"
"10093","641","675","115","157","637","407","986","75","255","07-05-2023 10:00:04"
"10094","1621","1615","582","254","2127","273","2206","379","651","07-05-2023 10:00:04"
"10095","661","672","194","126","816","197","1038","99","196","07-05-2023 10:00:04"
"10096","784","907","235","193","1027","236","1275","158","258","07-05-2023 10:00:04"
"10097","754","846","216","181","939","264","1306","126","168","07-05-2023 10:00:04"
"10098","816","920","149","173","1075","339","1575","61","100","07-05-2023 10:00:04"
"10099","524","585","144","136","623","206","1011","13","85","07-05-2023 10:00:04"
"10100","806","907","246","153","955","359","1311","115","287","07-05-2023 10:00:04"
"10101","904","876","274","169","1102","235","1231","159","390","07-05-2023 10:00:04"
"10102","1273","1384","297","249","1490","621","2171","93","393","07-05-2023 10:00:04"
"10103","1033","1142","207","210","1104","654","1900","54","221","07-05-2023 10:00:04"
"10104","743","831","136","114","930","394","1476","25","73","07-05-2023 10:00:04"
"10105","997","1143","210","235","1207","488","1877","47","216","07-05-2023 10:00:04"
"10106","479","558","101","95","547","294","874","36","127","07-05-2023 10:00:04"
"10107","722","805","183","158","869","317","1331","68","128","07-05-2023 10:00:04"
"10108","619","710","128","94","667","440","1151","42","136","07-05-2023 10:00:04"
"10109","778","871","187","143","890","429","1339","42","268","07-05-2023 10:00:04"
"10110","845","1044","216","194","1089","390","1401","93","395","07-05-2023 10:00:04"
"10111","610","688","133","117","703","345","1076","47","175","07-05-2023 10:00:04"
"10112","729","795","171","141","676","536","1366","39","119","07-05-2023 10:00:04"
"10113","591","636","134","117","767","209","959","58","210","07-05-2023 10:00:04"
"10114","770","815","196","174","941","274","1168","63","354","07-05-2023 10:00:04"
"10115","660","781","147","121","819","354","1128","69","244","07-05-2023 10:00:04"
"10116","837","988","227","151","1007","440","1458","91","276","07-05-2023 10:00:04"
"10117","602","661","123","119","644","377","1076","35","152","07-05-2023 10:00:04"
"10118","480","519","115","109","473","302","915","26","58","07-05-2023 10:00:04"
"10119","545","607","129","110","641","272","925","29","198","07-05-2023 10:00:04"
"10120","694","816","172","149","880","309","1157","50","303","07-05-2023 10:00:04"
"10121","761","850","215","130","942","324","1266","72","273","07-05-2023 10:00:04"
"10122","700","794","118","168","760","448","1316","34","144","07-05-2023 10:00:04"
"10123","649","698","137","127","705","378","1166","42","139","07-05-2023 10:00:04"
"10124","489","549","115","98","521","304","930","20","88","07-05-2023 10:00:04"
"10125","529","583","135","89","560","328","949","20","143","07-05-2023 10:00:04"
"10126","484","533","77","98","521","321","916","9","92","07-05-2023 10:00:04"
"10127","508","520","135","128","572","193","931","22","75","07-05-2023 10:00:04"
"10128","705","831","149","121","766","500","1381","26","129","07-05-2023 10:00:04"
"10129","556","584","91","108","592","349","1028","23","89","07-05-2023 10:00:04"
"10130","574","644","130","86","697","305","965","51","202","07-05-2023 10:00:04"
"10131","512","585","71","84","574","368","993","12","92","07-05-2023 10:00:04"
"10132","615","680","166","126","671","332","1049","25","221","07-05-2023 10:00:04"
"10133","836","938","168","168","904","534","1443","57","274","07-05-2023 10:00:04"
"10134","731","889","178","151","868","423","1299","55","266","07-05-2023 10:00:04"
"10135","606","657","167","128","640","328","1052","39","172","07-05-2023 10:00:04"
"10136","650","730","125","140","679","436","1164","19","197","07-05-2023 10:00:04"
"10137","745","841","171","164","820","431","1331","51","204","07-05-2023 10:00:04"
"10138","1211","1318","362","265","1580","322","1498","131","900","07-05-2023 10:00:04"
"10139","818","911","207","149","968","405","1291","61","377","07-05-2023 10:00:04"
"10140","807","853","184","182","935","359","1252","36","372","07-05-2023 10:00:04"
"10141","556","618","139","132","633","270","987","28","159","07-05-2023 10:00:04"
"10142","785","845","196","149","945","340","1303","35","292","07-05-2023 10:00:04"
"10143","857","963","221","192","1026","381","1412","49","359","07-05-2023 10:00:04"
"10234","811","978","160","150","948","531","1509","69","211","07-05-2023 10:00:04"
"10235","625","697","137","107","704","374","1076","79","167","07-05-2023 10:00:04"
"10236","731","847","148","90","817","523","1226","113","239","07-05-2023 10:00:04"
"10237","408","503","116","97","488","210","738","30","143","07-05-2023 10:00:04"
